商品名,価格
"ボルトTANK Tシャツ全2種6月上旬発売予定","3,240"
デルタTANK 等身大タペストリー全3種,"6,000"
デルタTANK フェイスタオル全2種,"2,200"
BOCOガール Tシャツ みほ全3種,"3,900"
BOCOガール ワッペンシール全5種,"1,000"
ハイブリッドスマートフォンケース全2種,"2,900"
ジャケットポーチ Ⅱ型全2種,"2,900"
モバイル充電器全3種,"4,500"
黒森峰女学園カトラリーセット全1種,"1,800"
ボココレクションあんこう音頭セット全1種,"2,500"
デルタタンクタペストリー全1種,"3,300"
デルタタンクTシャツ全2種,"2,800"
メタルコースター全1種,"1,000"
エンブレムキーリング全4種,"1,300"
激レア BOCOキャップ全1種,"3,200"
エンブレムキーリング全2種,"1,300"
聖グロリアーナ女学院 ティーパーティセット全2種,"2,000"
BIGチョビ ポロシャツ全1種,"4,200"
BOCOキャップ全1種,"3,200"
TANK/Ｔシャツ全2種,"2,500"
GUP Ｔシャツ全2種,"2,500"
クロスTANKＴシャツ全2種,"2,800"
でぃふるめワッペンバッジ全5種,"1,000"
TANKトートバッグ全1種,"3,000"
SDアクリルキーホルダー全5種,900
SDアクリルキーホルダー2全5種,900
クロスTANK マグバッジ全9種,600
大洗女子学園 大盛ランチプレート全1種,"2,500"
ボココレクション 黒森峰セット全1種,"2,000"
でぃふるめワッペンバッジ2全6種,"1,000"
ボココレクション 大洗セット全1種,"2,000"
カチューシャ全2種,"1,500"
スマートフォンケース全1種,"2,000"
マグバッジ 黒森峰全2種,600
激レア　ボコ全1種,"2,000"
パンツァージャケットポーチ全1種,"2,800"
聖グロリアーナのティースプーンはいつも優雅全1種,780
イヤホンジャックカバー全4種,"1,080"
優勝旗ビッグタオル全1種,"3,500"
Ⅳ号戦車D型 ノートホルダー全1種,"2,000"
Ⅳ号戦車D型 ペンケース全1種,950
Ⅳ号戦車D型 キーケース全1種,"1,500"
エンブレムキーリング全1種,"1,300"
等身タペストリー全1種,"6,000"
オイル缶マグカップ全2種,"1,800"
ジャケットポーチ Ⅱ型全2種,"2,900"
ハイブリッドスマートフォンケース全2種,"2,900"
BOCOガールTシャツアンチョビ全1種,"3,900"
モバイル充電器全3種,"4,500"
ロングTシャツ全1種,"4,200"
ボコせっと～春のボコまつり～,"3,900"
お守り全5種,"1,000"
ランドリーバッグ全1種,"1,800"
